INSERT INTO public.moped_categories (category_name, category_id, active_category, on_street, sensitivity, category_order, date_added) VALUES ('CIP', 1, true, NULL, NULL, 1, '2020-10-09 13:37:32.779628+00');
INSERT INTO public.moped_categories (category_name, category_id, active_category, on_street, sensitivity, category_order, date_added) VALUES ('Lane Conversion', 2, true, NULL, NULL, 2, '2020-10-09 13:37:50.460015+00');
INSERT INTO public.moped_categories (category_name, category_id, active_category, on_street, sensitivity, category_order, date_added) VALUES ('Parking Mod', 3, true, NULL, NULL, 3, '2020-10-09 13:38:56.504668+00');
INSERT INTO public.moped_categories (category_name, category_id, active_category, on_street, sensitivity, category_order, date_added) VALUES ('Private Development', 4, true, NULL, NULL, 10, '2020-10-09 13:39:09.593212+00');
INSERT INTO public.moped_categories (category_name, category_id, active_category, on_street, sensitivity, category_order, date_added) VALUES ('New Road', 5, true, NULL, NULL, 6, '2020-10-09 13:39:23.93937+00');
INSERT INTO public.moped_categories (category_name, category_id, active_category, on_street, sensitivity, category_order, date_added) VALUES ('Plan', 6, true, NULL, NULL, 8, '2020-10-09 13:39:31.616226+00');
INSERT INTO public.moped_categories (category_name, category_id, active_category, on_street, sensitivity, category_order, date_added) VALUES ('Operations', 7, true, NULL, NULL, 9, '2020-10-09 13:39:41.544508+00');
INSERT INTO public.moped_categories (category_name, category_id, active_category, on_street, sensitivity, category_order, date_added) VALUES ('Lane Width', 8, true, NULL, NULL, 12, '2020-10-09 13:39:51.594248+00');
INSERT INTO public.moped_city_fiscal_years (fiscal_year_value, fiscal_year_start_date, fiscal_year_end_date, active_fy) VALUES ('2016', NULL, NULL, NULL);
INSERT INTO public.moped_city_fiscal_years (fiscal_year_value, fiscal_year_start_date, fiscal_year_end_date, active_fy) VALUES ('2017', NULL, NULL, NULL);
INSERT INTO public.moped_city_fiscal_years (fiscal_year_value, fiscal_year_start_date, fiscal_year_end_date, active_fy) VALUES ('2018', NULL, NULL, NULL);
INSERT INTO public.moped_city_fiscal_years (fiscal_year_value, fiscal_year_start_date, fiscal_year_end_date, active_fy) VALUES ('2019', NULL, NULL, NULL);
INSERT INTO public.moped_city_fiscal_years (fiscal_year_value, fiscal_year_start_date, fiscal_year_end_date, active_fy) VALUES ('2021', NULL, NULL, true);
INSERT INTO public.moped_city_fiscal_years (fiscal_year_value, fiscal_year_start_date, fiscal_year_end_date, active_fy) VALUES ('2020', NULL, NULL, false);
INSERT INTO public.moped_workgroup (workgroup_name, workgroup_id, date_added) VALUES ('ATSD', 1, '2020-10-09 14:53:02.752811+00');
INSERT INTO public.moped_coa_staff (staff_uuid, first_name, last_name, title, workgroup, staff_id, workgroup_id, cognito_user_id, date_added) VALUES ('9699d49f-c5ba-4dad-b286-510a5e178aa7', 'JD', 'Maccombs', 'Developer', 'DTS', 1, 1, NULL, '2020-10-09 13:44:02.159095+00');
INSERT INTO public.moped_coa_staff (staff_uuid, first_name, last_name, title, workgroup, staff_id, workgroup_id, cognito_user_id, date_added) VALUES ('9972fa62-1bbd-4f58-9b7d-80b9bc73a537', 'Mike', 'Schofield', 'Engineer', 'ATSD', 3, 1, NULL, '2020-10-09 13:44:02.15918+00');
INSERT INTO public.moped_coa_staff (staff_uuid, first_name, last_name, title, workgroup, staff_id, workgroup_id, cognito_user_id, date_added) VALUES ('e6bb053b-d6bf-4460-b9a5-c5cb7021958d', 'Nathan', 'Wilkes', 'Engineer', 'ATSD', 2, 1, NULL, '2020-10-09 13:44:02.159184+00');
INSERT INTO public.moped_entity (entity_uuid, workgroup_name, abbreviated_name, entity_id, affiliated_workgroup, date_added) VALUES ('f30415c5-0b5d-4d92-bb04-7c4f0ea13288', 'Capital Metro', 'CapMetro', 1, NULL, '2020-10-09 13:44:36.783377+00');
INSERT INTO public.moped_milestones (milestone_name, milestone_description, milestone_order, required_milestone, milestone_id) VALUES ('actual construction start date', '', 7, true, 3);
INSERT INTO public.moped_milestones (milestone_name, milestone_description, milestone_order, required_milestone, milestone_id) VALUES ('actual end date', '', 1, true, 4);
INSERT INTO public.moped_milestones (milestone_name, milestone_description, milestone_order, required_milestone, milestone_id) VALUES ('actual resurfacing date', '', 8, true, 5);
INSERT INTO public.moped_milestones (milestone_name, milestone_description, milestone_order, required_milestone, milestone_id) VALUES ('resurfacing date', '', 8, false, 9);
INSERT INTO public.moped_milestones (milestone_name, milestone_description, milestone_order, required_milestone, milestone_id) VALUES ('check in on project status', '', 20, true, 10);
INSERT INTO public.moped_milestones (milestone_name, milestone_description, milestone_order, required_milestone, milestone_id) VALUES ('public meeting', '', 21, true, 11);
INSERT INTO public.moped_phases (phase_name, phase_description, phase_rank, phase_average_length, required_phase, phase_id) VALUES ('active', NULL, NULL, NULL, NULL, 1);
INSERT INTO public.moped_phases (phase_name, phase_description, phase_rank, phase_average_length, required_phase, phase_id) VALUES ('canceled', NULL, NULL, NULL, NULL, 2);
INSERT INTO public.moped_phases (phase_name, phase_description, phase_rank, phase_average_length, required_phase, phase_id) VALUES ('complete', NULL, NULL, NULL, NULL, 3);
INSERT INTO public.moped_phases (phase_name, phase_description, phase_rank, phase_average_length, required_phase, phase_id) VALUES ('construction', NULL, NULL, NULL, NULL, 4);
INSERT INTO public.moped_phases (phase_name, phase_description, phase_rank, phase_average_length, required_phase, phase_id) VALUES ('potential', NULL, NULL, NULL, NULL, 5);
INSERT INTO public.moped_project (project_uuid, project_name, project_description, project_description_public, "eCapris_id", project_importance, project_order, current_status, project_id, timeline_id, current_phase, end_date, project_length, start_date, fiscal_year, capitally_funded, project_priority, date_added, added_by) VALUES ('da359370-0817-4aa4-a4ec-5e4d84d269a3', 'Main Street', 'widen all lanes', 'p_description', 'a', 4, 4, 'active', 1, NULL, 'construction', '2020-12-31', NULL, NULL, NULL, NULL, NULL, '2020-10-09 14:55:34.287217+00', NULL);
INSERT INTO public.moped_project (project_uuid, project_name, project_description, project_description_public, "eCapris_id", project_importance, project_order, current_status, project_id, timeline_id, current_phase, end_date, project_length, start_date, fiscal_year, capitally_funded, project_priority, date_added, added_by) VALUES ('86b81336-e1ba-4716-8e22-ce6e0cbee670', 'Sheridan Dr.', ' add a climbing lane', NULL, NULL, NULL, 5, 'potential', 3, NULL, 'design', NULL, NULL, NULL, NULL, NULL, NULL, '2020-10-09 14:55:34.287333+00', NULL);
INSERT INTO public.moped_project (project_uuid, project_name, project_description, project_description_public, "eCapris_id", project_importance, project_order, current_status, project_id, timeline_id, current_phase, end_date, project_length, start_date, fiscal_year, capitally_funded, project_priority, date_added, added_by) VALUES ('44c35f3d-73e3-4716-a31c-9f64d8862bb7', 'Burnet Rd. at Rutland Dr._2018 Transit', 'Add bus stop concrete pad to median and tighten slip lane to create a safer crossing', NULL, NULL, NULL, 6, 'active', 2, NULL, 'active', '2020-04-30', NULL, NULL, NULL, NULL, NULL, '2020-10-09 14:55:34.287337+00', NULL);
INSERT INTO public.moped_project (project_uuid, project_name, project_description, project_description_public, "eCapris_id", project_importance, project_order, current_status, project_id, timeline_id, current_phase, end_date, project_length, start_date, fiscal_year, capitally_funded, project_priority, date_added, added_by) VALUES ('e3ef42df-66d4-439a-91ab-49a5de83d0ed', 'Main Street Project', 'Add Curbs and Widen lanes. Add a traffic light.', NULL, '4', NULL, NULL, '"Active"', 66, NULL, '"Construction"', NULL, NULL, '2020-04-20', '"2020-21"', true, NULL, '2020-10-09 14:55:34.287341+00', NULL);
INSERT INTO public.moped_project (project_uuid, project_name, project_description, project_description_public, "eCapris_id", project_importance, project_order, current_status, project_id, timeline_id, current_phase, end_date, project_length, start_date, fiscal_year, capitally_funded, project_priority, date_added, added_by) VALUES ('df82d167-8b0f-458d-9d45-73b31287d570', 'Central Ave ', 'Intersection Evaluation', NULL, '9', NULL, NULL, '"InProgress"', 67, NULL, '"Design"', NULL, NULL, '2020-02-17', '"2021-22"', true, NULL, '2020-10-09 14:55:34.287343+00', NULL);
INSERT INTO public.moped_project (project_uuid, project_name, project_description, project_description_public, "eCapris_id", project_importance, project_order, current_status, project_id, timeline_id, current_phase, end_date, project_length, start_date, fiscal_year, capitally_funded, project_priority, date_added, added_by) VALUES ('d6eb4f96-aa07-4f75-bc0b-1265557f158e', 'Michigan Ave', 'repaint lines', NULL, '2', NULL, NULL, 'complete', 105, NULL, 'complete', NULL, NULL, '2020-01-21', '2020', true, NULL, '2020-10-09 14:55:34.287346+00', NULL);
INSERT INTO public.moped_project (project_uuid, project_name, project_description, project_description_public, "eCapris_id", project_importance, project_order, current_status, project_id, timeline_id, current_phase, end_date, project_length, start_date, fiscal_year, capitally_funded, project_priority, date_added, added_by) VALUES ('abf7acc3-8bf0-456c-b83b-17efac13a25f', 'Pines Street', 'add lines and curbs', NULL, '1', NULL, NULL, 'canceled', 106, NULL, 'canceled', NULL, NULL, '2020-01-13', '2016', false, NULL, '2020-10-09 14:55:34.287348+00', NULL);
INSERT INTO public.moped_project (project_uuid, project_name, project_description, project_description_public, "eCapris_id", project_importance, project_order, current_status, project_id, timeline_id, current_phase, end_date, project_length, start_date, fiscal_year, capitally_funded, project_priority, date_added, added_by) VALUES ('f8f1b51e-5f27-4733-ae65-08877b959192', 'Maple Rd', 'Widen', NULL, '2', NULL, NULL, 'complete', 117, NULL, 'complete', NULL, NULL, '2020-01-01', '2018', false, NULL, '2020-10-09 14:55:34.287351+00', NULL);
INSERT INTO public.moped_proj_milestones (milestone_name, milestone_description, milestone_order, milestone_start, milestone_end, milestone_length, milestone_privacy, days_left, is_current_milestone, completed, project_milestone_id, project_id, project_timeline_id, milestone_owner_id, date_added) VALUES ('check in on project status', '', 7, '2020-05-20', '2020-06-20', 30, true, 0, false, false, 1, 1, 1, NULL, '2020-10-09 14:35:56.695504+00');
INSERT INTO public.moped_proj_milestones (milestone_name, milestone_description, milestone_order, milestone_start, milestone_end, milestone_length, milestone_privacy, days_left, is_current_milestone, completed, project_milestone_id, project_id, project_timeline_id, milestone_owner_id, date_added) VALUES ('actual resurfacing date', NULL, 8, '2020-04-04', '2020-10-10', NULL, NULL, 65, true, false, 2, 2, NULL, NULL, '2020-10-09 14:35:56.695654+00');
INSERT INTO public.moped_proj_milestones (milestone_name, milestone_description, milestone_order, milestone_start, milestone_end, milestone_length, milestone_privacy, days_left, is_current_milestone, completed, project_milestone_id, project_id, project_timeline_id, milestone_owner_id, date_added) VALUES ('public meeting', NULL, 15, '2020-04-05', '2020-10-11', NULL, NULL, 66, true, false, 3, 3, NULL, NULL, '2020-10-09 14:35:56.695658+00');
INSERT INTO public.moped_proj_phases (phase_name, phase_description, phase_rank, completion_percentage, phase_status, phase_privacy, phase_start, phase_end, phase_priority, is_current_phase, completed, project_phase_id, project_id, started_by_user_id, completed_by_user_id, date_added) VALUES ('active', NULL, NULL, 1, NULL, NULL, NULL, NULL, 1, NULL, true, 12, 1, NULL, NULL, '2020-10-09 14:39:05.06761+00');
INSERT INTO public.moped_proj_phases (phase_name, phase_description, phase_rank, completion_percentage, phase_status, phase_privacy, phase_start, phase_end, phase_priority, is_current_phase, completed, project_phase_id, project_id, started_by_user_id, completed_by_user_id, date_added) VALUES ('active', NULL, NULL, 50, NULL, NULL, '2020-05-01', '2020-05-30', 2, NULL, false, 1, 1, NULL, NULL, '2020-10-09 14:39:05.06776+00');
INSERT INTO public.moped_proj_phases (phase_name, phase_description, phase_rank, completion_percentage, phase_status, phase_privacy, phase_start, phase_end, phase_priority, is_current_phase, completed, project_phase_id, project_id, started_by_user_id, completed_by_user_id, date_added) VALUES ('complete', NULL, NULL, 100, NULL, NULL, '2020-04-01', '2020-04-11', 3, NULL, true, 2, 2, NULL, NULL, '2020-10-09 14:39:05.067764+00');
INSERT INTO public.moped_proj_phases (phase_name, phase_description, phase_rank, completion_percentage, phase_status, phase_privacy, phase_start, phase_end, phase_priority, is_current_phase, completed, project_phase_id, project_id, started_by_user_id, completed_by_user_id, date_added) VALUES ('construction', NULL, NULL, 100, NULL, NULL, '2020-08-10', NULL, 4, NULL, true, 11, 2, NULL, NULL, '2020-10-09 14:39:05.067767+00');
INSERT INTO public.moped_status (status_name, status_flag, status_priority, status_id) VALUES ('active', NULL, NULL, 1);
INSERT INTO public.moped_status (status_name, status_flag, status_priority, status_id) VALUES ('potential', NULL, NULL, 2);
INSERT INTO public.moped_status (status_name, status_flag, status_priority, status_id) VALUES ('complete', NULL, NULL, 3);
INSERT INTO public.moped_status (status_name, status_flag, status_priority, status_id) VALUES ('canceled', NULL, NULL, 4);
INSERT INTO public.moped_proj_status_history (milestone_name, milestone_description, milestone_order, milestone_start, milestone_end, milestone_length, milestone_privacy, is_current_milestone, is_milestone_completed, status_name, project_status_history_id, date_status_changed, project_id, date_added, added_by) VALUES (NULL, NULL, NULL, NULL, NULL, NULL, NULL, NULL, NULL, 'active', 3, '2020-08-21', 1, '2020-10-09 14:42:06.598508+00', NULL);
INSERT INTO public.moped_proj_status_history (milestone_name, milestone_description, milestone_order, milestone_start, milestone_end, milestone_length, milestone_privacy, is_current_milestone, is_milestone_completed, status_name, project_status_history_id, date_status_changed, project_id, date_added, added_by) VALUES (NULL, NULL, NULL, NULL, NULL, NULL, NULL, NULL, NULL, 'canceled', 4, '2020-08-19', 1, '2020-10-09 14:42:06.598568+00', NULL);
INSERT INTO public.moped_proj_status_history (milestone_name, milestone_description, milestone_order, milestone_start, milestone_end, milestone_length, milestone_privacy, is_current_milestone, is_milestone_completed, status_name, project_status_history_id, date_status_changed, project_id, date_added, added_by) VALUES (NULL, NULL, NULL, NULL, NULL, NULL, NULL, NULL, NULL, 'active', 5, '2020-08-21', 2, '2020-10-09 14:42:06.598571+00', NULL);
INSERT INTO public.moped_proj_status_history (milestone_name, milestone_description, milestone_order, milestone_start, milestone_end, milestone_length, milestone_privacy, is_current_milestone, is_milestone_completed, status_name, project_status_history_id, date_status_changed, project_id, date_added, added_by) VALUES (NULL, NULL, NULL, NULL, NULL, NULL, NULL, NULL, NULL, 'potential', 6, '2020-08-15', 2, '2020-10-09 14:42:06.598574+00', NULL);
INSERT INTO public.moped_proj_timeline (active_phase, active_phase_start, active_phase_end, active_phase_length, active_milestone_start, active_milestone_end, active_milestone_length, current_status, capital_projects_explorer_id, timeline_id, project_id, active_milestone) VALUES ('Bidding', '2020-08-10', '2020-08-10', 5, '2020-05-30', '2020-09-30', 120, 'a', 'f', 2, 2, 'communications');
INSERT INTO public.moped_proj_timeline (active_phase, active_phase_start, active_phase_end, active_phase_length, active_milestone_start, active_milestone_end, active_milestone_length, current_status, capital_projects_explorer_id, timeline_id, project_id, active_milestone) VALUES ('Post Construction', '2020-08-01', '2020-08-10', 5, '2020-08-30', '2020-10-01', 61, 'active', 'F', 1, 1, 'Evaluation Post');
INSERT INTO public.moped_project_roles (project_role_id, project_role_name, active_role, role_order, date_added) VALUES (1, 'Project Manager', true, 1, '2020-10-09 14:43:03.85001+00');
INSERT INTO public.moped_project_roles (project_role_id, project_role_name, active_role, role_order, date_added) VALUES (5, 'Project Coordinator', true, 4, '2020-10-09 14:43:03.859535+00');
INSERT INTO public.moped_project_roles (project_role_id, project_role_name, active_role, role_order, date_added) VALUES (4, 'Design Review', true, 3, '2020-10-09 14:43:03.859537+00');
INSERT INTO public.moped_project_roles (project_role_id, project_role_name, active_role, role_order, date_added) VALUES (6, 'Design Support', true, 6, '2020-10-09 14:43:03.859539+00');
INSERT INTO public.moped_project_roles (project_role_id, project_role_name, active_role, role_order, date_added) VALUES (7, 'Design Consultant', true, 7, '2020-10-09 14:43:03.85954+00');
INSERT INTO public.moped_project_roles (project_role_id, project_role_name, active_role, role_order, date_added) VALUES (8, 'Public Process Support', true, 8, '2020-10-09 14:43:03.859541+00');
INSERT INTO public.moped_project_roles (project_role_id, project_role_name, active_role, role_order, date_added) VALUES (9, 'Implementation Support', true, 9, '2020-10-09 14:43:03.859543+00');
INSERT INTO public.moped_project_roles (project_role_id, project_role_name, active_role, role_order, date_added) VALUES (10, 'Field Engineer', true, 10, '2020-10-09 14:43:03.859545+00');
INSERT INTO public.moped_project_roles (project_role_id, project_role_name, active_role, role_order, date_added) VALUES (11, 'Project Sponsor', true, 11, '2020-10-09 14:43:03.859547+00');
INSERT INTO public.moped_project_roles (project_role_id, project_role_name, active_role, role_order, date_added) VALUES (12, 'Unknown Role', true, 100, '2020-10-09 14:43:03.859548+00');
INSERT INTO public.moped_project_roles (project_role_id, project_role_name, active_role, role_order, date_added) VALUES (2, 'Street Designer', true, 2, '2020-10-09 14:44:51.2889+00');
SELECT pg_catalog.setval('public.moped_categories_category_id_seq', 8, true);
SELECT pg_catalog.setval('public.moped_coa_staff_staff_id_seq', 3, true);
SELECT pg_catalog.setval('public.moped_components_component_id_seq', 1, false);
SELECT pg_catalog.setval('public.moped_entities_entity_id_seq', 1, true);
SELECT pg_catalog.setval('public.moped_financials_financials_id_seq', 1, false);
SELECT pg_catalog.setval('public.moped_fund_opp_funding_opportunity_id_seq', 1, false);
SELECT pg_catalog.setval('public.moped_fund_source_cat_funding_source_category_id_seq', 1, false);
SELECT pg_catalog.setval('public.moped_fund_sources_funding_source_id_seq', 1, false);
SELECT pg_catalog.setval('public.moped_groups_group_id_seq', 1, false);
SELECT pg_catalog.setval('public.moped_milestone_history_project_milestone_id_seq', 1, false);
SELECT pg_catalog.setval('public.moped_milestones_milestone_id_seq', 11, true);
SELECT pg_catalog.setval('public.moped_phase_history_project_milestone_id_seq', 13, true);
SELECT pg_catalog.setval('public.moped_phases_phase_id_seq', 1, false);
SELECT pg_catalog.setval('public.moped_proj_categories_proj_category_id_seq', 1, false);
SELECT pg_catalog.setval('public.moped_proj_communication_comm_id_seq', 1, false);
SELECT pg_catalog.setval('public.moped_proj_components_moped_proj_component_id_seq', 1, false);
SELECT pg_catalog.setval('public.moped_proj_dates_date_id_seq', 1, false);
SELECT pg_catalog.setval('public.moped_proj_entities_entity_list_id_seq', 1, false);
SELECT pg_catalog.setval('public.moped_proj_fund_opp_fund_opp_id_seq', 1, false);
SELECT pg_catalog.setval('public.moped_proj_fund_opp_proj_fund_opp_id_seq', 1, false);
SELECT pg_catalog.setval('public.moped_proj_fund_source_proj_fund_source_id_seq', 1, false);
SELECT pg_catalog.setval('public.moped_proj_groups_group_id_seq', 1, false);
SELECT pg_catalog.setval('public.moped_proj_location_location_id_seq', 1, false);
SELECT pg_catalog.setval('public.moped_proj_notes_project_note_id_seq', 1, false);
SELECT pg_catalog.setval('public.moped_proj_partners_proj_partner_id_seq', 1, false);
SELECT pg_catalog.setval('public.moped_proj_personnel_project_personnel_id_seq', 5, true);
SELECT pg_catalog.setval('public.moped_proj_timeline_timeline_id_seq', 2, true);
SELECT pg_catalog.setval('public.moped_project_project_id_simple_seq', 125, true);
SELECT pg_catalog.setval('public.moped_project_roles_project_role_id_seq', 13, true);
SELECT pg_catalog.setval('public.moped_status_history_project_status_history_id_seq', 6, true);
SELECT pg_catalog.setval('public.moped_status_notes_status_id_seq', 1, false);
SELECT pg_catalog.setval('public.moped_status_status_id_seq', 4, true);
SELECT pg_catalog.setval('public.moped_workgroup_workgroup_id_seq', 1, true);
